name,email,gender,dob,phone
Carlin Rey,crey0@wix.com,Female,11/03/1987,7195045341
Russ Ritchie,rritchie1@mail.ru,Male,03/12/1989,8215811766
Talbot Rhule,trhule2@dell.com,Polygender,04/29/1989,6105655712
Averill Lazenby,alazenby3@wikispaces.com,Male,05/20/1988,3893712185
Shannen Bellord,sbellord4@tinyurl.com,Female,01/09/1993,3108269924
Olvan Lufkin,olufkin5@alibaba.com,Male,06/24/1989,6778905929
Wileen Janicek,wjanicek6@jimdo.com,Female,03/20/1986,8884263891
Neill Piotrkowski,npiotrkowski7@zimbio.com,Polygender,04/06/1983,3277295674
Oswell Rosellini,orosellini8@moonfruit.com,Male,10/28/1986,3067742445
Jeanine Castellaccio,jcastellaccio9@tuttocitta.it,Female,03/14/1989,5804968253
Theodoric Bunton,tbuntona@theglobeandmail.com,Male,04/22/1985,4036396838
Christiano Fullerd,cfullerdb@paginegialle.it,Male,02/21/1991,7171679284
Lesly Seeds,lseedsc@sfgate.com,Female,10/30/1984,2566928497
Flemming Carvilla,fcarvillad@usda.gov,Male,03/18/1983,1727903042
Pincus Admans,padmanse@pcworld.com,Male,07/14/1983,3585067069
Humfried Simants,hsimantsf@uol.com.br,Male,03/11/1988,9096380907
Tallia Blakes,tblakesg@webnode.com,Genderqueer,08/03/1985,9719085714
Ivar Avramow,iavramowh@gov.uk,Male,02/24/1986,9443785920
Bea Grogona,bgrogonai@shinystat.com,Female,11/08/1992,3157554932
Jeno Verity,jverityj@addtoany.com,Genderfluid,07/13/1992,4409916917
